[
  {
    "name": "David Kamundi",
    "email": "dkamundi20@gmail.com",
    "phone": "2698670519",
    "procedure": "Liposuction",
    "date": "2024-05-21",
    "message": ""
  },
  {
    "name": "Tabby K",
    "email": "tabbyk@mail.com",
    "phone": "1112223333",
    "procedure": "Clitoris Reconstruction",
    "date": "2024-05-22",
    "message": ""
  },
  {
    "name": "Alfred K",
    "email": "kamundi0@hotmaiil.com",
    "phone": "2698670000",
    "procedure": "Liposuction",
    "date": "2024-05-21",
    "message": ""
  },
  {
    "name": "Daniel Njeru",
    "email": "daniel@mail.com",
    "phone": "0711222333",
    "procedure": "Inverted Nipples",
    "date": "2024-05-21",
    "message": ""
  },
  {
    "name": "Shadrack Kamundi",
    "email": "shadrack@mail.com",
    "phone": "0711444333",
    "procedure": "Tummy Tuck",
    "date": "2024-05-24",
    "message": ""
  },
  {
    "name": "Daniel K",
    "email": "danielk@mail.com",
    "phone": "0733222111",
    "procedure": "Other",
    "date": "2024-05-21",
    "message": ""
  }
]